{"providers":[{"file":"betteremojis:emoji/font/partying.png","chars":[""],"height":10,"ascent":8,"type":"bitmap"},{"file":"betteremojis:emoji/font/open_mouth.png","chars":[""],"height":10,"ascent":8,"type":"bitmap"},{"file":"betteremojis:emoji/font/face_with_monocle.png","chars":[""],"height":10,"ascent":8,"type":"bitmap"},{"file":"betteremojis:emoji/font/heart_eyes.png","chars":[""],"height":10,"ascent":8,"type":"bitmap"},{"file":"betteremojis:emoji/font/hushed.png","chars":[""],"height":10,"ascent":8,"type":"bitmap"},{"file":"betteremojis:emoji/font/pleading_face.png","chars":[""],"height":10,"ascent":8,"type":"bitmap"},{"file":"betteremojis:emoji/font/think_angry.png","chars":[""],"height":10,"ascent":8,"type":"bitmap"},{"file":"_iainternal:gui/no_recipe.png","chars":[""],"height":170,"ascent":47,"type":"bitmap"},{"file":"_iainternal:gui/crafting.png","chars":[""],"height":170,"ascent":47,"type":"bitmap"},{"file":"_iainternal:gui/cooking.png","chars":[""],"height":170,"ascent":47,"type":"bitmap"},{"file":"_iainternal:gui/blank_menu.png","chars":[""],"height":170,"ascent":47,"type":"bitmap"},{"file":"_iainternal:gui/anvil_repair.png","chars":[""],"height":170,"ascent":47,"type":"bitmap"},{"file":"_iainternal:gui/smithing.png","chars":[""],"height":170,"ascent":47,"type":"bitmap"},{"file":"betteremojis:emoji/font/angry_face_with_horns.png","chars":[""],"height":10,"ascent":8,"type":"bitmap"},{"file":"betteremojis:emoji/font/dizzy.png","chars":[""],"height":10,"ascent":8,"type":"bitmap"},{"file":"betteremojis:emoji/font/hot_face.png","chars":[""],"height":10,"ascent":8,"type":"bitmap"},{"file":"betteremojis:emoji/font/zipper_mouth.png","chars":[""],"height":10,"ascent":8,"type":"bitmap"},{"file":"betteremojis:emoji/font/money_mouth.png","chars":[""],"height":10,"ascent":8,"type":"bitmap"},{"file":"betteremojis:emoji/font/kiss.png","chars":[""],"height":10,"ascent":8,"type":"bitmap"},{"file":"betteremojis:emoji/font/dumb.png","chars":[""],"height":10,"ascent":8,"type":"bitmap"},{"file":"betteremojis:emoji/font/joy.png","chars":[""],"height":10,"ascent":8,"type":"bitmap"},{"file":"betteremojis:emoji/font/face_with_tongue.png","chars":[""],"height":10,"ascent":8,"type":"bitmap"},{"file":"betteremojis:emoji/font/flushed.png","chars":[""],"height":10,"ascent":8,"type":"bitmap"},{"file":"betteremojis:emoji/font/neutral_face.png","chars":[""],"height":10,"ascent":8,"type":"bitmap"},{"file":"betteremojis:emoji/font/clown.png","chars":[""],"height":10,"ascent":8,"type":"bitmap"},{"file":"custom_esc:top_logo.png","chars":[""],"height":103,"ascent":96,"type":"bitmap"},{"file":"custom_esc:bottom_news.png","chars":[""],"height":78,"ascent":-10,"type":"bitmap"},{"file":"custom_esc:quit_button.png","chars":[""],"height":20,"ascent":13,"type":"bitmap"},{"file":"custom_esc:you_died.png","chars":[""],"height":128,"ascent":35,"type":"bitmap"},{"file":"betteremojis:emoji/font/exhaling.png","chars":[""],"height":10,"ascent":8,"type":"bitmap"},{"file":"betteremojis:emoji/font/no_mouth.png","chars":[""],"height":10,"ascent":8,"type":"bitmap"},{"file":"betteremojis:emoji/font/eyes.png","chars":[""],"height":10,"ascent":8,"type":"bitmap"},{"file":"betteremojis:emoji/font/thinking.png","chars":[""],"height":10,"ascent":8,"type":"bitmap"},{"file":"betteremojis:emoji/font/relieved.png","chars":[""],"height":10,"ascent":8,"type":"bitmap"},{"file":"betteremojis:emoji/font/smiling_face_with_horns.png","chars":[""],"height":10,"ascent":8,"type":"bitmap"},{"file":"betteremojis:emoji/font/smile.png","chars":[""],"height":10,"ascent":8,"type":"bitmap"},{"file":"betteremojis:emoji/font/scream.png","chars":[""],"height":10,"ascent":8,"type":"bitmap"},{"file":"betteremojis:emoji/font/gg.png","chars":[""],"height":10,"ascent":8,"type":"bitmap"},{"file":"betteremojis:emoji/font/triumph.png","chars":[""],"height":10,"ascent":8,"type":"bitmap"},{"file":"betteremojis:emoji/font/nerd.png","chars":[""],"height":10,"ascent":8,"type":"bitmap"},{"file":"betteremojis:emoji/font/face_holding_tears.png","chars":[""],"height":10,"ascent":8,"type":"bitmap"},{"file":"betteremojis:emoji/font/100.png","chars":[""],"height":10,"ascent":8,"type":"bitmap"},{"file":"betterranks:admin.png","chars":[""],"height":9,"ascent":8,"type":"bitmap"},{"file":"betterranks:mod.png","chars":[""],"height":9,"ascent":8,"type":"bitmap"},{"file":"betterranks:helper.png","chars":[""],"height":9,"ascent":8,"type":"bitmap"},{"file":"betterranks:player.png","chars":[""],"height":9,"ascent":8,"type":"bitmap"},{"file":"betterranks:builder.png","chars":[""],"height":9,"ascent":8,"type":"bitmap"},{"file":"betterranks:youtube.png","chars":[""],"height":9,"ascent":8,"type":"bitmap"},{"file":"betterranks:patreon.png","chars":[""],"height":9,"ascent":8,"type":"bitmap"},{"file":"betterranks:patreon2.png","chars":[""],"height":9,"ascent":8,"type":"bitmap"},{"file":"betterranks:java.png","chars":[""],"height":9,"ascent":8,"type":"bitmap"},{"file":"betterranks:skript.png","chars":[""],"height":9,"ascent":8,"type":"bitmap"},{"file":"betterranks:developer.png","chars":[""],"height":9,"ascent":8,"type":"bitmap"},{"file":"betterranks:dev.png","chars":[""],"height":9,"ascent":8,"type":"bitmap"},{"file":"betterranks:vip.png","chars":[""],"height":9,"ascent":8,"type":"bitmap"},{"file":"betterranks:vipplus.png","chars":[""],"height":9,"ascent":8,"type":"bitmap"},{"file":"betteremojis:emoji/font/frowning.png","chars":[""],"height":10,"ascent":8,"type":"bitmap"},{"file":"betteremojis:emoji/font/cry.png","chars":[""],"height":10,"ascent":8,"type":"bitmap"},{"file":"betteremojis:emoji/font/cool.png","chars":[""],"height":10,"ascent":8,"type":"bitmap"},{"file":"betteremojis:emoji/font/surprised.png","chars":[""],"height":10,"ascent":8,"type":"bitmap"},{"file":"betteremojis:emoji/font/angry.png","chars":[""],"height":10,"ascent":8,"type":"bitmap"},{"file":"betteremojis:emoji/font/squinting_with_tongue.png","chars":[""],"height":10,"ascent":8,"type":"bitmap"},{"file":"betteremojis:emoji/font/unamused.png","chars":[""],"height":10,"ascent":8,"type":"bitmap"},{"file":"betteremojis:emoji/font/weary.png","chars":[""],"height":10,"ascent":8,"type":"bitmap"},{"file":"betteremojis:emoji/font/money_with_wings.png","chars":[""],"height":10,"ascent":8,"type":"bitmap"},{"file":"betteremojis:emoji/font/downcast_with_sweat.png","chars":[""],"height":10,"ascent":8,"type":"bitmap"},{"file":"_iainternal:hud/small_cooldown_bar/0.png","chars":[""],"height":22,"ascent":-42,"type":"bitmap"},{"file":"_iainternal:hud/small_cooldown_bar/1.png","chars":[""],"height":22,"ascent":-42,"type":"bitmap"},{"file":"_iainternal:hud/small_cooldown_bar/2.png","chars":[""],"height":22,"ascent":-42,"type":"bitmap"},{"file":"_iainternal:hud/small_cooldown_bar/3.png","chars":[""],"height":22,"ascent":-42,"type":"bitmap"},{"file":"_iainternal:hud/small_cooldown_bar/4.png","chars":[""],"height":22,"ascent":-42,"type":"bitmap"},{"file":"_iainternal:hud/small_cooldown_bar/5.png","chars":[""],"height":22,"ascent":-42,"type":"bitmap"},{"file":"_iainternal:hud/small_cooldown_bar/6.png","chars":[""],"height":22,"ascent":-42,"type":"bitmap"},{"file":"_iainternal:hud/small_cooldown_bar/7.png","chars":[""],"height":22,"ascent":-42,"type":"bitmap"},{"file":"_iainternal:hud/small_cooldown_bar/8.png","chars":[""],"height":22,"ascent":-42,"type":"bitmap"},{"file":"_iainternal:hud/small_cooldown_bar/9.png","chars":[""],"height":22,"ascent":-42,"type":"bitmap"},{"file":"_iainternal:hud/small_cooldown_bar/10.png","chars":[""],"height":22,"ascent":-42,"type":"bitmap"},{"file":"_iainternal:hud/small_cooldown_bar/11.png","chars":[""],"height":22,"ascent":-42,"type":"bitmap"},{"file":"_iainternal:hud/small_cooldown_bar/12.png","chars":[""],"height":22,"ascent":-42,"type":"bitmap"},{"file":"_iainternal:hud/small_cooldown_bar/13.png","chars":[""],"height":22,"ascent":-42,"type":"bitmap"},{"file":"_iainternal:hud/small_cooldown_bar/14.png","chars":[""],"height":22,"ascent":-42,"type":"bitmap"},{"file":"_iainternal:hud/small_cooldown_bar/15.png","chars":[""],"height":22,"ascent":-42,"type":"bitmap"},{"file":"_iainternal:hud/small_cooldown_bar/16.png","chars":[""],"height":22,"ascent":-42,"type":"bitmap"},{"file":"_iainternal:hud/small_cooldown_bar/17.png","chars":[""],"height":22,"ascent":-42,"type":"bitmap"},{"file":"_iainternal:hud/small_cooldown_bar/18.png","chars":[""],"height":22,"ascent":-42,"type":"bitmap"},{"file":"_iainternal:hud/small_cooldown_bar/19.png","chars":[""],"height":22,"ascent":-42,"type":"bitmap"},{"file":"_iainternal:hud/small_cooldown_bar/20.png","chars":[""],"height":22,"ascent":-42,"type":"bitmap"},{"file":"betteremojis:emoji/font/smirk.png","chars":[""],"height":10,"ascent":8,"type":"bitmap"},{"file":"betteremojis:emoji/font/sleeping.png","chars":[""],"height":10,"ascent":8,"type":"bitmap"},{"file":"char/black.png","chars":[""],"height":1,"ascent":-5000,"type":"bitmap"},{"file":"char/black.png","chars":[""],"height":2,"ascent":-5000,"type":"bitmap"},{"file":"char/black.png","chars":[""],"height":3,"ascent":-5000,"type":"bitmap"},{"file":"char/black.png","chars":[""],"height":4,"ascent":-5000,"type":"bitmap"},{"file":"char/black.png","chars":[""],"height":5,"ascent":-5000,"type":"bitmap"},{"file":"char/black.png","chars":[""],"height":6,"ascent":-5000,"type":"bitmap"},{"file":"char/black.png","chars":[""],"height":7,"ascent":-5000,"type":"bitmap"},{"file":"char/black.png","chars":[""],"height":15,"ascent":-5000,"type":"bitmap"},{"file":"char/black.png","chars":[""],"height":31,"ascent":-5000,"type":"bitmap"},{"file":"char/black.png","chars":[""],"height":63,"ascent":-5000,"type":"bitmap"},{"file":"char/black.png","chars":[""],"height":127,"ascent":-5000,"type":"bitmap"},{"file":"char/black.png","chars":[""],"height":256,"ascent":-5000,"type":"bitmap"},{"file":"char/black.png","chars":[""],"height":512,"ascent":-5000,"type":"bitmap"},{"file":"char/black.png","chars":[""],"height":1024,"ascent":-5000,"type":"bitmap"},{"file":"char/black.png","chars":[""],"height":-3,"ascent":-5000,"type":"bitmap"},{"file":"char/black.png","chars":[""],"height":-4,"ascent":-5000,"type":"bitmap"},{"file":"char/black.png","chars":[""],"height":-5,"ascent":-5000,"type":"bitmap"},{"file":"char/black.png","chars":[""],"height":-6,"ascent":-5000,"type":"bitmap"},{"file":"char/black.png","chars":[""],"height":-7,"ascent":-5000,"type":"bitmap"},{"file":"char/black.png","chars":[""],"height":-8,"ascent":-5000,"type":"bitmap"},{"file":"char/black.png","chars":[""],"height":-9,"ascent":-5000,"type":"bitmap"},{"file":"char/black.png","chars":[""],"height":-10,"ascent":-5000,"type":"bitmap"},{"file":"char/black.png","chars":[""],"height":-18,"ascent":-5000,"type":"bitmap"},{"file":"char/black.png","chars":[""],"height":-34,"ascent":-5000,"type":"bitmap"},{"file":"char/black.png","chars":[""],"height":-66,"ascent":-5000,"type":"bitmap"},{"file":"char/black.png","chars":[""],"height":-130,"ascent":-5000,"type":"bitmap"},{"file":"char/black.png","chars":[""],"height":-259,"ascent":-5000,"type":"bitmap"},{"file":"char/black.png","chars":[""],"height":-515,"ascent":-5000,"type":"bitmap"},{"file":"char/black.png","chars":[""],"height":-1027,"ascent":-5000,"type":"bitmap"},{"type":"ttf","file":"minecraft:negative_spaces.ttf","shift":[0,0],"size":10,"oversample":1},{"type":"bitmap","file":"minecraft:custom/bl_illusionist_bossbar.png","ascent":17,"height":256,"chars":["\u00bf"]}],"mcmodels":"3fb8aba3f6b4dcaf773c2748d56e168e"}