{
   "littleroom.kindletron3.death":{
		 "sounds": [
			"littleroom/kindletron3/death"
		 ]
	},
   "littleroom.kindletron3.glide":{
		 "sounds": [
			"littleroom/kindletron3/glide"
		 ]
	},
   "littleroom.kindletron3.impact01":{
		 "sounds": [
			"littleroom/kindletron3/impact01"
		 ]
	},
   "littleroom.kindletron3.impact02":{
		 "sounds": [
			"littleroom/kindletron3/impact02"
		 ]
	},
   "littleroom.kindletron3.impact03":{
		 "sounds": [
			"littleroom/kindletron3/impact03"
		 ]
	},
   "littleroom.kindletron3.impact04":{
		 "sounds": [
			"littleroom/kindletron3/impact04"
		 ]
	},
   "littleroom.kindletron3.kindletron_idle_40ticks":{
		 "sounds": [
			"littleroom/kindletron3/kindletron_idle_40ticks"
		 ]
	},
   "littleroom.kindletron3.saw":{
		 "sounds": [
			"littleroom/kindletron3/saw"
		 ]
	},
   "littleroom.kindletron3.swing":{
		 "sounds": [
			"littleroom/kindletron3/swing"
		 ]
	},
   "littleroom.kindletron3.sword_swing01":{
		 "sounds": [
			"littleroom/kindletron3/sword_swing01"
		 ]
	},
   "littleroom.kindletron3.sword_swing02":{
		 "sounds": [
			"littleroom/kindletron3/sword_swing02"
		 ]
	},
   "littleroom.kindletron3.sword_swing03":{
		 "sounds": [
			"littleroom/kindletron3/sword_swing03"
		 ]
	},
   "littleroom.kindletron3.sword_swing04":{
		 "sounds": [
			"littleroom/kindletron3/sword_swing04"
		 ]
	},
   "littleroom.kindletron3.land":{
		 "sounds": [
			"littleroom/kindletron3/land"
         ]
    },
   "bl_illusionist.box":{
         "sounds":[
            "bl_illusionist/box"
         ]
    },
   "bl_illusionist.cards_fell":{
         "sounds":[
            "bll_illusionist/cards_fell"
         ]
    },
   "bl_illusionist.cards_whoosh":{
         "sounds":[
            "bl_illusionist/cards_whoosh"
         ]
    },
   "bl_illusionist.circus_focus":{
         "sounds":[
            "bl_illusionist/circus_focus"
         ]
    },
   "bl_illusionist.summon_rabbits":{
         "sounds":[
            "bl_illusionist/summon_rabbits"
         ]
    },
   "bl_illusionist.swing_dagger":{
         "sounds":[
            "bl_illusionist/swing_dagger"
         ]
    },
   "bl_illusionist.whoosh":{
         "sounds":[
            "bl_illusionist/whoosh"
         ]
    },
   "bl_illusionist.regeneration":{
         "sounds":[
            "bl_illusionist/regeneration"
         ]
    },
   "bl_illusionist.magical_ray":{
         "sounds":[
            "bl_illusionist/magical_ray"
         ]
    },
   "bl_illusionist.magical_death":{
         "sounds":[
            "bl_illusionist/magical_death"
         ]
    },
   "bl_illusionist.card":{
         "sounds":[
            "bl_illusionist/card"
         ]
    },"mcmodels.3fb8aba3f6b4dcaf773c2748d56e168e":{"category":"master","sounds":[
		 ]
	}
}
