{"bl_illusionist.box":{"sounds":["bl_illusionist:box"]},"bl_illusionist.cards_fell":{"sounds":["bl_illusionist:cards_fell"]},"bl_illusionist.cards_whoosh":{"sounds":["bl_illusionist:cards_whoosh"]},"bl_illusionist.circus_focus":{"sounds":["bl_illusionist:circus_focus"]},"bl_illusionist.summon_rabbits":{"sounds":["bl_illusionist:summon_rabbits"]},"bl_illusionist.swing_dagger":{"sounds":["bl_illusionist:swing_dagger"]},"bl_illusionist.whoosh":{"sounds":["bl_illusionist:whoosh"]},"bl_illusionist.regeneration":{"sounds":["bl_illusionist:regeneration"]},"bl_illusionist.magical_ray":{"sounds":["bl_illusionist:magical_ray"]},"bl_illusionist.magical_death":{"sounds":["bl_illusionist:magical_death"]},"bl_illusionist.card":{"sounds":["bl_illusionist:card"]},"mcmodels.3fb8aba3f6b4dcaf773c2748d56e168e":{"category":"master","sounds":[]}}