{
	"credit": "Made with Blockbench",
	"texture_size": [512, 512],
	"textures": {
		"8": "modelengine:entity/scarecrow2"
	},
	"elements": [
		{
			"from": [6.5, 6, 5.5],
			"to": [9.5, 8.5, 8.5],
			"rotation": {"angle": 22.5, "axis": "x", "origin": [8, 6, 5.5]},
			"faces": {
				"north": {"uv": [7.5625, 2.4375, 7.75, 2.59375], "texture": "#8"},
				"east": {"uv": [7.28125, 7.5625, 7.46875, 7.71875], "texture": "#8"},
				"south": {"uv": [7.5625, 2.4375, 7.75, 2.59375], "texture": "#8"},
				"west": {"uv": [7.5625, 2.4375, 7.75, 2.59375], "texture": "#8"},
				"up": {"uv": [6.5625, 2.84375, 6.375, 2.65625], "texture": "#8"},
				"down": {"uv": [6.8125, 0.9375, 6.625, 1.125], "texture": "#8"}
			}
		},
		{
			"from": [3, -4, 2],
			"to": [13, 6, 12],
			"rotation": {"angle": 0, "axis": "y", "origin": [3.5, -4, 2.5]},
			"faces": {
				"north": {"uv": [5.21875, 0.84375, 5.84375, 1.46875], "texture": "#8"},
				"east": {"uv": [5.25, 2.875, 5.875, 3.5], "texture": "#8"},
				"south": {"uv": [5.34375, 0, 5.96875, 0.625], "texture": "#8"},
				"west": {"uv": [5.875, 2.875, 5.25, 3.5], "texture": "#8"},
				"up": {"uv": [2.96875, 6.09375, 2.34375, 5.46875], "texture": "#8"},
				"down": {"uv": [3.59375, 5.46875, 2.96875, 6.09375], "texture": "#8"}
			}
		},
		{
			"from": [3.25, -3.75, 2.25],
			"to": [12.75, 5.75, 11.75],
			"rotation": {"angle": 0, "axis": "x", "origin": [3.5, -4, 2.5]},
			"faces": {
				"north": {"uv": [0, 8.0625, 0.625, 8.6875], "texture": "#8"},
				"east": {"uv": [0, 8.09375, 0.625, 8.71875], "texture": "#8"},
				"south": {"uv": [0, 8.03125, 0.625, 8.65625], "texture": "#8"},
				"west": {"uv": [0.625, 8.09375, 0, 8.71875], "texture": "#8"},
				"up": {"uv": [0.625, 8.71875, 0, 8.09375], "texture": "#8"},
				"down": {"uv": [0.625, 8.09375, 0, 8.71875], "texture": "#8"}
			}
		},
		{
			"from": [-2.5, 3.0237, -3.21644],
			"to": [18.5, 4.0237, 17.78356],
			"rotation": {"angle": 22.5, "axis": "x", "origin": [6.75, 4.43378, 7.28356]},
			"faces": {
				"north": {"uv": [5.84375, 1.40625, 7.15625, 1.46875], "texture": "#8"},
				"east": {"uv": [5.875, 3.4375, 7.1875, 3.5], "texture": "#8"},
				"south": {"uv": [6.75, 1.34375, 8.0625, 1.40625], "texture": "#8"},
				"west": {"uv": [6.84375, 6.125, 8.15625, 6.1875], "texture": "#8"},
				"up": {"uv": [1.3125, 1.3125, 0, 0], "texture": "#8"},
				"down": {"uv": [1.3125, 1.3125, 0, 2.625], "texture": "#8"}
			}
		},
		{
			"from": [9, 0.03674, -4.76024],
			"to": [14.5, 0.03674, -2.26024],
			"rotation": {"angle": 45, "axis": "x", "origin": [6.75, 4.43378, 7.28356]},
			"faces": {
				"north": {"uv": [0, 0, 0.34375, 0], "texture": "#8"},
				"east": {"uv": [0, 0, 0.15625, 0], "texture": "#8"},
				"south": {"uv": [0, 0, 0.34375, 0], "texture": "#8"},
				"west": {"uv": [0, 0, 0.15625, 0], "texture": "#8"},
				"up": {"uv": [7.75, 4.8125, 7.40625, 4.65625], "texture": "#8"},
				"down": {"uv": [7.75, 4.8125, 7.40625, 4.96875], "texture": "#8"}
			}
		},
		{
			"from": [2, 0.03674, 16.82736],
			"to": [7.5, 0.03674, 19.32736],
			"rotation": {"angle": 0, "axis": "x", "origin": [6.75, 4.43378, 7.28356]},
			"faces": {
				"north": {"uv": [0, 0, 0.34375, 0], "texture": "#8"},
				"east": {"uv": [0, 0, 0.15625, 0], "texture": "#8"},
				"south": {"uv": [0, 0, 0.34375, 0], "texture": "#8"},
				"west": {"uv": [0, 0, 0.15625, 0], "texture": "#8"},
				"up": {"uv": [7.75, 5.125, 7.40625, 4.96875], "texture": "#8"},
				"down": {"uv": [2.875, 7.4375, 2.53125, 7.59375], "texture": "#8"}
			}
		},
		{
			"from": [2.5, 1.95016, 2.35915],
			"to": [13.5, 8.95016, 12.35915],
			"rotation": {"angle": 45, "axis": "x", "origin": [6.75, 4.43378, 7.28356]},
			"faces": {
				"north": {"uv": [5.875, 2.84375, 6.5625, 3.28125], "texture": "#8"},
				"east": {"uv": [2.5625, 6.09375, 3.1875, 6.53125], "texture": "#8"},
				"south": {"uv": [6, 4.15625, 6.6875, 4.59375], "texture": "#8"},
				"west": {"uv": [4.4375, 6.21875, 5.0625, 6.65625], "texture": "#8"},
				"up": {"uv": [3.03125, 5.46875, 2.34375, 4.84375], "texture": "#8"},
				"down": {"uv": [3.71875, 4.84375, 3.03125, 5.46875], "texture": "#8"}
			}
		},
		{
			"from": [5, 5.60943, 6.99504],
			"to": [11, 11.10943, 14.99504],
			"rotation": {"angle": 0, "axis": "x", "origin": [7.875, 11.97975, 18.03426]},
			"faces": {
				"north": {"uv": [7.5625, 3.15625, 7.1875, 3.5], "rotation": 180, "texture": "#8"},
				"east": {"uv": [3.875, 7.125, 4.21875, 7.625], "rotation": 270, "texture": "#8"},
				"south": {"uv": [4.6875, 3.34375, 4.3125, 3], "texture": "#8"},
				"west": {"uv": [7.15625, 0, 7.5, 0.5], "rotation": 90, "texture": "#8"},
				"up": {"uv": [1.28125, 7.0625, 1.65625, 7.5625], "rotation": 180, "texture": "#8"},
				"down": {"uv": [1.65625, 7.0625, 2.03125, 7.5625], "texture": "#8"}
			}
		},
		{
			"from": [7, 4.72092, 15.14154],
			"to": [9.5, 8.22092, 23.14154],
			"rotation": {"angle": 22.5, "axis": "x", "origin": [9.75, 10.03342, 22.32904]},
			"faces": {
				"north": {"uv": [7.6875, 5.625, 7.53125, 5.84375], "rotation": 180, "texture": "#8"},
				"east": {"uv": [6.5625, 7.1875, 6.78125, 7.6875], "rotation": 270, "texture": "#8"},
				"south": {"uv": [2.15625, 2.90625, 2, 2.6875], "texture": "#8"},
				"west": {"uv": [6.78125, 7.1875, 7, 7.6875], "rotation": 90, "texture": "#8"},
				"up": {"uv": [2.65625, 3, 2.8125, 3.5], "rotation": 180, "texture": "#8"},
				"down": {"uv": [1.0625, 6.5, 1.21875, 7], "texture": "#8"}
			}
		},
		{
			"from": [7.5, 8.22092, 20.64154],
			"to": [9, 13.72092, 23.14154],
			"rotation": {"angle": 22.5, "axis": "x", "origin": [9.75, 10.03342, 22.32904]},
			"faces": {
				"north": {"uv": [7.28125, 7.5625, 7.1875, 7.90625], "rotation": 180, "texture": "#8"},
				"east": {"uv": [7.4375, 2.9375, 7.78125, 3.09375], "rotation": 270, "texture": "#8"},
				"south": {"uv": [7.65625, 2.1875, 7.5625, 1.84375], "texture": "#8"},
				"west": {"uv": [7.4375, 5.84375, 7.78125, 6], "rotation": 90, "texture": "#8"},
				"up": {"uv": [4.28125, 7.6875, 4.375, 7.84375], "rotation": 180, "texture": "#8"},
				"down": {"uv": [7.6875, 5.375, 7.78125, 5.53125], "texture": "#8"}
			}
		},
		{
			"from": [7.5, 11.72092, 23.14154],
			"to": [9, 13.72092, 29.64154],
			"rotation": {"angle": 22.5, "axis": "x", "origin": [9.75, 10.03342, 22.32904]},
			"faces": {
				"north": {"uv": [7, 3.15625, 6.90625, 3.28125], "rotation": 180, "texture": "#8"},
				"east": {"uv": [4.4375, 5.15625, 4.5625, 5.5625], "rotation": 270, "texture": "#8"},
				"south": {"uv": [6.90625, 3.28125, 6.8125, 3.15625], "texture": "#8"},
				"west": {"uv": [6.6875, 4.15625, 6.8125, 4.5625], "rotation": 90, "texture": "#8"},
				"up": {"uv": [1.84375, 7.5625, 1.9375, 7.96875], "rotation": 180, "texture": "#8"},
				"down": {"uv": [1.9375, 7.5625, 2.03125, 7.96875], "texture": "#8"}
			}
		},
		{
			"name": "cube inverted",
			"from": [16, 4.0237, -1.21644],
			"to": [14, 3.0237, -3.21644],
			"rotation": {"angle": 22.5, "axis": "x", "origin": [6.75, 4.43378, 7.28356]},
			"faces": {
				"north": {"uv": [4.4375, 5.5625, 4.5625, 5.625], "texture": "#8"},
				"east": {"uv": [3.59375, 6, 3.71875, 6.0625], "texture": "#8"},
				"south": {"uv": [6.25, 2.15625, 6.375, 2.21875], "texture": "#8"},
				"west": {"uv": [1.0625, 7, 1.1875, 7.0625], "texture": "#8"},
				"up": {"uv": [4.78125, 1.8125, 4.65625, 1.6875], "texture": "#8"},
				"down": {"uv": [4.90625, 1.6875, 4.78125, 1.8125], "texture": "#8"}
			}
		},
		{
			"name": "cube inverted",
			"from": [8, 4.0237, -0.21644],
			"to": [4, 3.0237, -3.21644],
			"rotation": {"angle": 22.5, "axis": "x", "origin": [6.75, 4.43378, 7.28356]},
			"faces": {
				"north": {"uv": [5.21875, 1.625, 5.46875, 1.6875], "texture": "#8"},
				"east": {"uv": [5.46875, 1.625, 5.65625, 1.6875], "texture": "#8"},
				"south": {"uv": [6.5625, 3.15625, 6.8125, 3.21875], "texture": "#8"},
				"west": {"uv": [6.5625, 3.21875, 6.75, 3.28125], "texture": "#8"},
				"up": {"uv": [6.25, 4.78125, 6, 4.59375], "texture": "#8"},
				"down": {"uv": [7.78125, 4.34375, 7.53125, 4.53125], "texture": "#8"}
			}
		},
		{
			"name": "cube inverted",
			"from": [-0.5, 4.0237, 7.28356],
			"to": [-2.5, 3.0237, 5.28356],
			"rotation": {"angle": 22.5, "axis": "x", "origin": [6.75, 4.43378, 7.28356]},
			"faces": {
				"north": {"uv": [7, 3.15625, 7.125, 3.21875], "texture": "#8"},
				"east": {"uv": [7, 3.21875, 7.125, 3.28125], "texture": "#8"},
				"south": {"uv": [6.28125, 7.125, 6.40625, 7.1875], "texture": "#8"},
				"west": {"uv": [7.15625, 1.40625, 7.28125, 1.46875], "texture": "#8"},
				"up": {"uv": [5.09375, 2.40625, 4.96875, 2.28125], "texture": "#8"},
				"down": {"uv": [5.25, 2.875, 5.125, 3], "texture": "#8"}
			}
		},
		{
			"name": "cube inverted",
			"from": [13.5, 4.0237, 17.78356],
			"to": [11.5, 3.0237, 16.28356],
			"rotation": {"angle": 22.5, "axis": "x", "origin": [6.75, 4.43378, 7.28356]},
			"faces": {
				"north": {"uv": [7.15625, 1.84375, 7.28125, 1.90625], "texture": "#8"},
				"east": {"uv": [7.65625, 4.53125, 7.75, 4.59375], "texture": "#8"},
				"south": {"uv": [7.28125, 1.40625, 7.40625, 1.46875], "texture": "#8"},
				"west": {"uv": [7.65625, 4.59375, 7.75, 4.65625], "texture": "#8"},
				"up": {"uv": [2.125, 3, 2, 2.90625], "texture": "#8"},
				"down": {"uv": [2.78125, 3.5, 2.65625, 3.59375], "texture": "#8"}
			}
		},
		{
			"name": "cube inverted",
			"from": [13.5, 4.0237, 16.28356],
			"to": [12.5, 3.0237, 13.78356],
			"rotation": {"angle": 22.5, "axis": "x", "origin": [6.75, 4.43378, 7.28356]},
			"faces": {
				"north": {"uv": [1.25, 4.90625, 1.3125, 4.96875], "texture": "#8"},
				"east": {"uv": [4.15625, 2.40625, 4.3125, 2.46875], "texture": "#8"},
				"south": {"uv": [1.71875, 5.625, 1.78125, 5.6875], "texture": "#8"},
				"west": {"uv": [5.65625, 2.21875, 5.8125, 2.28125], "texture": "#8"},
				"up": {"uv": [1.78125, 5.625, 1.71875, 5.46875], "texture": "#8"},
				"down": {"uv": [7.53125, 3.65625, 7.46875, 3.8125], "texture": "#8"}
			}
		}
	],
	"gui_light": "front",
	"display": {
		"thirdperson_righthand": {
			"rotation": [40, 19, 0],
			"translation": [0, 4, 2.75],
			"scale": [0.5, 0.5, 0.5]
		},
		"thirdperson_lefthand": {
			"rotation": [40, 19, 0],
			"translation": [0, 4, 2.75],
			"scale": [0.5, 0.5, 0.5]
		},
		"firstperson_righthand": {
			"rotation": [-15, 110, -7],
			"translation": [-2, 5.75, 2.75],
			"scale": [0.35, 0.35, 0.35]
		},
		"firstperson_lefthand": {
			"rotation": [-15, 110, -7],
			"translation": [-2, 5.75, 2.75],
			"scale": [0.35, 0.35, 0.35]
		},
		"ground": {
			"rotation": [17, 0, 0],
			"translation": [0, 7.25, 0],
			"scale": [0.5, 0.5, 0.5]
		},
		"gui": {
			"rotation": [5, -148, 3],
			"translation": [0, 1.5, 0],
			"scale": [0.5, 0.5, 0.5]
		},
		"head": {
			"translation": [0, 10.75, 1.5],
			"scale": [1.45, 1.45, 1.45]
		},
		"fixed": {
			"rotation": [-90, 0, 0],
			"translation": [0, 1, -11.25]
		}
	},
	"groups": [
		{
			"name": "hi_head",
			"origin": [8, -4, 10],
			"color": 0,
			"children": [
				0,
				1,
				{
					"name": "head_glow",
					"origin": [3.5, -4, 5.5],
					"color": 0,
					"children": [2]
				},
				{
					"name": "hat",
					"origin": [7.5, 4.42155, 10.10862],
					"color": 0,
					"children": [
						3,
						4,
						5,
						6,
						{
							"name": "hat_tail_1",
							"origin": [8, 10.67155, 9.10862],
							"color": 0,
							"children": [
								7,
								{
									"name": "hat_tail_2",
									"origin": [8, 18.68509, 9.10665],
									"color": 0,
									"children": [8, 9, 10]
								}
							]
						},
						11,
						12,
						13,
						14,
						15
					]
				}
			]
		}
	]
}